cleaned_text,upvotes,comments,timestamp,sentiment_score,sentiment_label
write kraken love poem chance win usdg,7,61,2025-02-13 14:13:52,0.875,bullish
daily crypto discussion february gmt,17,157,2025-02-14 00:00:44,0.0,bullish
coinbase revenue surge billion bitcoin boom retail return,409,41,2025-02-13 21:45:04,0.0,bullish
eth gwei,1610,55,2025-02-13 13:58:35,0.0,bullish
south korea lift crypto trading ban institution,104,5,2025-02-14 03:00:15,-0.5574,bearish
goldman sachs quietly betting billion bitcoin ethereum amid price swing,591,55,2025-02-13 14:51:04,0.0,bullish
bank montreal quietly buying bitcoin etf news byte bitcoin news,71,3,2025-02-14 01:53:45,0.0,bullish
approximately billion worth solana sol set unlocked march st may retail odds ever favor,422,133,2025-02-13 15:45:02,0.5574,bullish
hacker offered bounty stealing ethereum eth lending platform daily hodl,124,59,2025-02-13 21:44:30,-0.4404,bearish
poor v rich v crypto bro,1914,102,2025-02-13 06:29:25,0.128,bullish
men kidnapped chicago family forcing crypto transfer,1184,176,2025-02-13 08:49:20,0.0,bullish
fbi initiative save thousand crypto scam recovers million,98,23,2025-02-13 22:00:02,-0.128,bearish
barclays report new position million ibit,87,12,2025-02-13 21:32:01,0.0,bullish
bitcoins chance hitting k june rise trader bid upside derive,13,16,2025-02-14 07:37:09,0.25,bullish
vitalik buterins make communism great quip triggered ethereum investor,6,21,2025-02-14 06:25:42,0.6249,bullish
coinbase eye india comeback seek regulatory green light source decrypt,7,1,2025-02-14 04:03:36,0.0,bullish
jerome powell crypto many activity done inside bank,3,4,2025-02-14 08:48:28,0.0,bullish
market whatever,623,17,2025-02-13 02:10:03,0.0,bullish
he got point,4051,119,2025-02-12 15:55:11,0.0,bullish
bitcoin etf post three consecutive day outflow totaling nearly,2,1,2025-02-14 08:51:21,0.0,bullish
bitcoins bull cycle analyst say upside isnt yet,2,3,2025-02-14 08:48:58,0.0,bullish
u state bitcoin reserve could alone drive b inflow follow,61,7,2025-02-13 13:59:11,-0.25,bearish
pectra upgrade released testnets mainnet launch expected april,2,0,2025-02-14 08:36:18,0.0,bullish
czs dog made killing one memecoin creator murdered everyone else,7,13,2025-02-14 01:32:44,-0.8689,bearish
broccoli meme coin flood market cz reveals pet dog,17,31,2025-02-13 19:54:33,0.0,bullish
avoid buying moon mexc gateio here,15,40,2025-02-13 19:08:56,-0.0772,bearish
metaplanet raise billion stack bitcoin btc,34,5,2025-02-13 14:11:55,0.0,bullish
bnb flip solana market capitalization weekly surge,38,27,2025-02-13 13:56:50,0.0,bullish
latest executive order could impact rwa tokenization,36,7,2025-02-13 13:03:22,0.0,bullish
whats deal coinbase,1,1,2025-02-14 08:12:09,0.0,bullish
tether slam jpmorgan analyst saying may need sell bitcoin,8,6,2025-02-13 20:30:23,-0.3818,bearish
nexa building first computer chip increase tps pow,9,6,2025-02-13 19:31:21,0.3182,bullish
loss sure,1,24,2025-02-14 06:14:13,0.0,bullish
bitcoin fall altcoins decline amid unchanged u interest rate,74,26,2025-02-13 06:03:18,0.4588,bullish
jpmorgan say tether may need sell bitcoin comply proposed u stablecoin regulation,26,22,2025-02-13 11:18:46,0.0,bullish
zklend hack see exploit offer hacker bounty return,49,17,2025-02-13 05:46:01,-0.1027,bearish
exact top crypto bull market trillion warned,957,187,2025-02-12 11:57:38,-0.0772,bearish
sec commissioner hester peirce confirms agency procrypto,160,50,2025-02-12 21:28:52,0.0,bullish
atp director grew fan database eight day using nfts without even calling nfts,5,3,2025-02-13 16:14:28,0.3182,bullish
messaris state polygon q,3,7,2025-02-13 15:53:23,0.0,bullish
whats coinbase take profit stop loss option,0,19,2025-02-14 06:22:25,-0.1531,bearish
binance take transaction fee small amount despite showing transaction fee,1,14,2025-02-13 22:28:57,0.0,bullish
robinhood wont stop sending account statement,0,3,2025-02-14 01:10:16,0.2235,bearish
sorry,184,194,2025-02-12 16:54:37,-0.0772,bearish
wont sell eth,794,366,2025-02-12 08:34:30,0.0,bullish
canadian businessman sentenced u prison concealing bitcoin stash,73,32,2025-02-12 21:11:08,-0.5267,bearish
created website provides visualization transactionspeedtimetofinality different cryptocurrencies would love know thought,71,24,2025-02-12 21:15:05,0.7351,bullish
bitcoin ethereum drop u report inflation rose january,190,48,2025-02-12 15:10:13,-0.2732,bearish
binances billion fine accounted almost doj recordsetting,3,2,2025-02-13 15:48:45,0.2023,bearish
big tech chatgpt deepseek could lose decentralized ai,48,31,2025-02-12 22:11:13,-0.4019,bearish
moonacy protocol scam,0,2,2025-02-14 00:53:40,-0.5719,bearish
u custom border patrol expands bitcoin mining machine seizure microbt canaan unit blockspace,0,2,2025-02-13 17:48:38,0.1027,bearish
toyota launch blockchainpowered security token bond,20,11,2025-02-13 00:48:02,0.34,bullish
looking interview individual put money crypto,0,42,2025-02-13 23:24:11,0.0,bullish
age crypto come next,0,16,2025-02-13 17:00:14,0.0,bullish
daily crypto discussion february gmt,21,765,2025-02-13 00:00:56,0.0,bullish
proton mail launch opensource bitcoin btc wallet user game changer privacy crypto,461,94,2025-02-12 06:01:05,0.0,bullish
florida man ordered pay restitution promoting supposed goldbacked cryptocurrency scam daily hodl,26,7,2025-02-12 21:12:37,-0.2023,bearish
ethereums pectra network upgrade expect,21,16,2025-02-12 21:30:34,0.0,bullish
sec crypto task force bos say memecoins unlikely fall regulator purview,102,50,2025-02-12 12:44:03,0.0,bullish
selffulfilling prophecy halving cycle accelerated stunted cycle bull market,64,181,2025-02-12 15:17:58,0.0,bullish
cftc commissioner say election prediction market stay,0,3,2025-02-13 13:04:53,0.0,bullish
franklin templeton launch u govt money fund solana,27,14,2025-02-12 18:38:46,0.0,bullish
trump swap btce founder vinnik u teacher russia deal,0,2,2025-02-13 15:49:27,0.0,bullish
alexander vinnik btce exchange cofounder freed return american school teacher marc fogel returned u,5,5,2025-02-13 03:11:56,0.4019,bullish
big cycle movement berachain,0,9,2025-02-13 22:00:06,0.0,bullish
fed chair jerome powell say u cbdc,179,35,2025-02-12 06:57:22,0.0,bullish
central african republic president launch memecoin experiment,6,15,2025-02-13 01:00:33,0.0,bullish
ellen degeneres explaining bitcoin exactly year ago laughing missed x gain,0,3,2025-02-13 13:53:39,0.6597,bullish
wyoming highway patrol association adopts proof workforce get zero initiative becoming first u law enforcement association hold bitcoin btc,26,8,2025-02-12 16:05:39,0.1779,bullish
k lost b trump meme coin,3716,542,2025-02-11 12:43:04,-0.3182,bearish
fault,193,290,2025-02-12 04:08:31,-0.4019,bearish
publicly traded firm kulr added bitcoin treasury decrypt,7,2,2025-02-12 22:52:04,0.2023,bearish
something changing fed chair jerome powell speaks first time crackdown cryptocurrency world,81,36,2025-02-12 08:43:11,0.0,bullish
yolod trump morning,0,17,2025-02-13 23:32:23,0.0,bullish
vega stripper accused stealing k crypto customer,172,13,2025-02-12 03:59:23,-0.7096,bearish
japan eye crypto tax bitcoin etf approval overhaul,71,9,2025-02-12 08:06:44,0.4767,bullish
defi godfather andre cronje urge cz fairly launch dog meme coin avoid community rug pull,0,10,2025-02-13 15:13:27,-0.296,bearish
mobilemined coin incoming openlaunch pinetwork,0,2,2025-02-13 10:10:59,0.0,bullish
inflation spike spark dollar rally yield jump bitcoin stock slide interest rate cut doubt grow,9,12,2025-02-12 17:53:56,0.0772,bearish
cryptocurrency tax usa detailed guide,14,2,2025-02-12 16:46:07,0.0,bullish
bitcoins average acquisition cost hit k record high,18,7,2025-02-12 13:58:33,0.0,bullish
robinhoods crypto trading volume surge billion q,2,4,2025-02-13 01:53:08,0.0,bullish
rwa another mean grab money retail,0,11,2025-02-13 13:56:53,0.0,bullish
ethereums price crash reveals sign market manipulation calculated liquidation event exploiting market leverage triggering massive selloff,862,153,2025-02-11 16:18:16,-0.7783,bearish
app recommendation,0,13,2025-02-13 07:43:17,0.0,bullish
enrique tarrio proud boy launch new crypto meme coin,0,2,2025-02-13 15:53:23,0.4767,bullish
help find phished,0,4,2025-02-13 12:11:14,0.4019,bullish
give dumbest crypto opinion,164,401,2025-02-11 21:38:26,-0.5106,bearish
trump family earned million trump coin others lost money report,9449,846,2025-02-11 00:04:55,-0.3182,bearish
ether etps attract million weekly inflow surpassing bitcoin first time,42,8,2025-02-12 03:46:07,0.3612,bullish
fed chair powell say committed ending crypto debanking pausing rate cut,239,33,2025-02-11 17:33:14,0.0,bullish
crypto exchange saw nearly trading volume peak,7,8,2025-02-12 12:15:25,0.0,bullish
solana sol price softens onchain volume drop week,105,78,2025-02-11 20:27:14,-0.2732,bearish
thinktoairdrop russian neurotech startup plan offer solana token brainwave,1,1,2025-02-12 21:28:50,0.0,bullish
xah tokenization compliance,0,2,2025-02-13 01:04:57,0.0,bullish
lummis apparently called xrp scam call tonight,610,389,2025-02-11 09:14:43,-0.5719,bearish
younger generation turn crypto retirement saving,372,80,2025-02-11 11:50:55,0.0,bullish
brazilian authority reject worldcoin appeal enforcing service ban,25,4,2025-02-12 01:44:43,-0.7184,bearish
u state push bitcoin digital asset legislation,262,17,2025-02-11 13:34:39,0.3612,bullish
goldman sachs discloses increase ibit fbtc exposure december st previous sec filing,64,8,2025-02-11 20:56:30,0.3182,bullish
looking game similar pancakeswap prediction,0,6,2025-02-12 18:41:17,0.0,bullish
daily crypto discussion february gmt,29,1204,2025-02-12 00:00:55,0.0,bullish
sixyearold coin pi finally going online social fission artifact ponzi scheme,0,3,2025-02-13 02:23:25,0.0,bullish
eth exit exchange biggest ethereum outflow year,180,16,2025-02-11 12:23:47,0.0,bullish
russian bitcoin fraud suspect alexander vinnik released,0,5,2025-02-12 16:08:34,-0.7184,bearish
oklahoma strategic bitcoin reserve bill pass committee,4,2,2025-02-12 08:36:39,0.0,bullish
japanese gaming company gumi announces purchase billion yen million u dollar bitcoin enhance crypto strategy,48,10,2025-02-11 18:39:59,0.0,bullish
uniswap lab launch unichain l mainnet,24,10,2025-02-11 20:50:09,0.0,bullish
fdic insurance could limbo key coin apply fiat american bank,0,11,2025-02-12 13:59:52,0.0,bullish
indiana man sentenced year federal prison conspiracy involving cyber intrusion massive million cryptocurrency theft,14,6,2025-02-11 22:11:42,-0.7783,bearish
bitcoin price could reach cathie wood,0,50,2025-02-12 21:22:56,0.0258,bearish
memecoin trench,46,9,2025-02-11 15:01:08,0.0,bullish
south korean lawmaker acquitted crypto concealment case,2,1,2025-02-12 05:31:06,0.25,bullish
crypto vcs especially bullish depin rwas hashkey partner,1,1,2025-02-12 10:59:31,0.0,bullish
profit profit cry,4593,196,2025-02-10 13:34:33,0.4019,bullish
walmart partner cardano ada cryptocurrency officially,980,112,2025-02-10 21:29:37,0.0,bullish
worldcoin poh pornhub age verification,0,25,2025-02-13 01:16:46,0.0,bullish
thinking long term always help dont least guy,0,29,2025-02-12 19:53:15,0.4019,bullish
number screen,427,10,2025-02-11 00:37:40,0.0772,bearish
ama giveaway portal bitcoin making bridge wrapped coin external custody obsolete feb,40,94,2025-02-11 13:26:38,-0.296,bearish
another solo miner mined entire bitcoin block worth,1049,81,2025-02-10 19:37:50,-0.25,bearish
hodling hard even chair got liquidated,676,47,2025-02-10 21:50:19,-0.1027,bearish
litecoin etf chance get sec approval analyst,56,10,2025-02-11 10:49:41,0.6249,bullish
changpeng zhao say binances listing process broken following new memecoin listing,6,14,2025-02-11 21:49:35,-0.4767,bearish
easing inflation could ignite another btc rally x research,0,16,2025-02-12 07:55:24,0.25,bullish
looking advice monitoring tool,0,2,2025-02-12 07:22:09,0.0,bullish
monero moon issue newsletter explore latest edition update latest monero xmr news development entertainment,1,1,2025-02-12 07:13:10,0.5719,bullish
nasdaq file list xrp etf stating xrp hard manipulate,67,74,2025-02-11 08:05:47,-0.1027,bearish
bitcoins diamond hand double target alltime high,19,9,2025-02-11 14:33:28,0.6808,bullish
grayscale file cardano etf first standalone ada product,242,33,2025-02-10 23:39:33,0.0,bullish
tesla made million bitcoin profit q,14,22,2025-02-11 14:01:24,0.4404,bullish
meme coin cycle distraction hide blockchains real potential,0,17,2025-02-12 13:37:40,-0.5106,bearish
feeling moon,0,5,2025-02-12 08:22:49,0.34,bullish
elon musk latest name change x fuel memecoin pumpanddumps,0,6,2025-02-12 13:07:31,0.0,bullish
bitcoins security model dying proof work brilliant start time proof stake,0,63,2025-02-12 16:04:15,0.7351,bullish
cryptos defai sector come back,0,3,2025-02-12 06:18:45,0.0,bullish
kanye west super bowl ad spark nazithemed crypto frenzy,614,208,2025-02-10 15:16:14,0.5423,bullish
bitcoin left crypto exchange signal supply shock,0,16,2025-02-12 12:25:49,-0.3818,bearish
coinbase expected see yoy revenue increase q coin metric,4,4,2025-02-11 21:47:38,0.3182,bullish
coinbase ceo brian armstrong say bitcoin adoption reach billion,212,63,2025-02-10 19:23:49,0.0258,bearish
usdc stablecoin reached new ath market cap driven adaptation solana,4,5,2025-02-11 17:00:31,0.1027,bearish
whats tap earn token,2,25,2025-02-11 16:34:20,0.0,bullish
ethereum face unprecedented short positioning short interest spike since november,392,76,2025-02-10 15:39:44,0.4588,bullish
tesla still hold btc change bitcoin position despite report,161,52,2025-02-10 19:03:44,0.0,bullish
michael saylors strategy acquires bitcoin oneweek break holding worth b,241,77,2025-02-10 15:18:59,0.2263,bullish
government canada announces deferral implementation change capital gain inclusion rate,0,1,2025-02-11 20:22:41,0.5267,bullish
bitcoin tease gain trader say k key support reclaim,8,8,2025-02-11 09:45:34,0.5859,bullish
give minute,3401,121,2025-02-09 22:55:44,0.0,bullish
daily crypto discussion february gmt,26,1045,2025-02-11 00:00:48,0.0,bullish
lost fortune landfill containing bitcoin sealed forever,1533,173,2025-02-10 01:47:09,-0.3182,bearish
bitcoin hold k support despite heavy selling pressure,201,43,2025-02-10 11:46:28,0.5556,bullish
binance proof reserve report suggests significant sale excess crypto holding,72,22,2025-02-10 17:21:15,0.2023,bearish
man search lost bitcoin fortune want buy landfill swears buried,0,29,2025-02-12 01:28:46,-0.2023,bearish
world liberty financial forming token reserve bolster bitcoin platform stability,0,2,2025-02-12 01:04:19,0.5267,bullish
memecoins money glitch,0,14,2025-02-12 01:06:36,0.0,bullish
ethereum fee dip first since september,98,59,2025-02-10 13:18:56,0.0,bullish
nobel economist label bitcoin financial black hole,24,42,2025-02-10 20:59:49,0.0,bullish
odds kanye west launching token plummet say coin prey fan,366,64,2025-02-10 05:33:15,0.3182,bullish
hacker sec x account breach face k fine plea deal,28,9,2025-02-10 18:13:05,0.2023,bearish
tether transfer abroad tax,0,4,2025-02-11 18:22:35,0.0,bullish
cftc intensifies crypto fraud crackdown major legal action public awareness campaign launched cryptonewsnet,14,2,2025-02-10 21:41:36,-0.4215,bearish
cz say binances token listing process broken,0,8,2025-02-11 11:59:24,-0.4767,bearish
coinbase withdrawal hold,4,13,2025-02-11 02:05:31,0.0258,bearish
armed police arrest three briton alleged kidnap crypto broker,21,7,2025-02-10 19:07:35,-0.34,bearish
japan financial service agency plan lift ban cryptocurrency etf,109,12,2025-02-10 10:03:42,-0.5574,bearish
crypto tax beginner,0,8,2025-02-11 14:42:46,0.0,bullish
thought stable coin usdn,16,53,2025-02-10 19:19:50,0.296,bullish
first experience coinbase wow suck,0,32,2025-02-11 21:05:41,0.2263,bullish
revolutionizing uranium trading onchain fractional ownership access,0,2,2025-02-11 15:30:48,0.0,bullish
ethereum outpaces bitcoin digital asset fund inflow hit billion,0,2,2025-02-11 09:04:40,0.3612,bullish
bbc journalist nick robinson social medium hacked promote cryptocurrency,0,4,2025-02-11 08:35:28,-0.0258,bearish
arthur hayes ether vitalik care price hell something,0,11,2025-02-11 07:48:22,-0.34,bearish
dont look u federal reserve slowly turning procrypto,1,5,2025-02-11 07:08:49,0.0,bullish
cboe bzx submits filing xrp etf bitwise wisdomtree canary share,5,16,2025-02-10 22:04:21,0.296,bullish
first step tokenized uraniumso far good,0,20,2025-02-11 17:15:40,0.4404,bullish
bitcoin climb k trade volume surge market price bitcoin news,3,3,2025-02-11 01:31:22,0.0,bullish
crypto exchange pie,3,1,2025-02-11 00:45:26,0.0,bullish
anyone help figure coin bought year ago,0,7,2025-02-11 15:01:17,0.4019,bullish
dave portnoy promotes meme coin jailstool token surge overnight,783,226,2025-02-09 16:11:22,0.34,bullish
xrp,0,108,2025-02-11 12:39:03,0.0,bullish
crypto bull market retail sentiment worst year,436,293,2025-02-09 18:37:45,-0.6249,bearish
behind harry blz madness elon musk name change x spark crypto frenzy,0,41,2025-02-11 13:04:15,-0.5106,bearish
crazy world crypto getting worse,0,10,2025-02-11 11:26:47,-0.6705,bearish
bitcoin ad super bowl half time,218,82,2025-02-09 19:46:54,0.5994,bullish
elon musk doge push blockchain transparency u government spending,369,133,2025-02-09 16:20:57,0.0,bullish
poland central bank rule bitcoin reserve,159,46,2025-02-09 20:25:29,0.0,bullish
anatoly yakovenko solana founder say doesnt onchain trading,3,0,2025-02-10 20:09:24,0.0,bullish
removing fdic trustless bitcoin,3,29,2025-02-10 16:09:18,-0.5106,bearish
okay tuesday let make rich year crypto ticker,0,102,2025-02-11 07:50:19,0.6705,bullish
memecoin madness return barstool sport bnb chain entire african country dabble meme token,14,9,2025-02-10 08:46:08,-0.4404,bearish
customer actually xrpbased money transfer conventional bank,64,67,2025-02-10 01:12:05,0.0,bullish
bitcoin hashrate hit new ath,343,184,2025-02-09 14:59:04,0.0,bullish
calling developer artist join rbucketheads community contest,2,0,2025-02-10 18:21:26,0.296,bullish
crypto investment product see billion weekly inflow despite trump tariff woe coinshares,5,2,2025-02-10 13:03:54,0.3252,bullish
telcoin enough attention,0,29,2025-02-11 02:57:36,0.0,bullish
economist henrik zeberg say indication crypto bull market top predicts fantastic altcoin season,59,48,2025-02-09 21:23:42,0.6597,bullish
klarna accept crypto payment target billion ipo valuation,120,10,2025-02-09 16:24:52,0.3818,bullish
polygon super bowl reddit avatar polymarkets bet,6,5,2025-02-10 06:56:27,0.5994,bullish
kanye west disclosing offered million launch token asks speak coinbase ceo concerning crypto,597,90,2025-02-09 06:43:49,0.0,bullish
b base next big gaming token dyor drop thought,0,22,2025-02-11 04:27:13,-0.2732,bearish
daily crypto discussion february gmt,21,893,2025-02-10 00:01:15,0.0,bullish
everything positive youve heard crypto trick,0,35,2025-02-11 10:38:14,0.5267,bullish
university austin announces million bitcoin endowment,62,10,2025-02-09 16:52:31,0.0,bullish
ethereum raise gas limit first time since proofofstake scale transaction capacity,70,13,2025-02-09 16:22:27,0.0,bullish
early crypto trader speedy profit trump coin others suffered loss gift article,51,57,2025-02-09 17:56:12,0.0772,bearish
russian authority block access country largest crypto aggregator platform,0,7,2025-02-10 14:51:03,-0.3818,bearish
regret buying solana,0,43,2025-02-11 06:11:31,-0.4215,bearish
nigeria embrace blockchain sec director general see huge potential capital market regulation,27,6,2025-02-09 20:15:18,0.5574,bullish
austin university launch bitcoin fund year hodl strategy report,98,11,2025-02-09 13:18:40,0.2023,bearish
tether reach new height record market cap uae real estate integration nulltx,1,0,2025-02-10 14:07:36,0.0258,bearish
data el salvador bitcoin holding reached coin increase coin past day chaincatcher,51,7,2025-02-09 16:21:25,0.4019,bullish
entertaining read ignorance hiding behind rhetoric way comment,0,21,2025-02-10 17:14:32,-0.2023,bearish
central african republic car memecoin scam,0,12,2025-02-10 21:52:22,-0.5719,bearish
tether ceo people alive move new quantumresistant address,39,122,2025-02-09 16:49:37,0.3818,bullish
privacyfocused layer transform ethereums enterprise future,19,21,2025-02-09 20:29:06,0.0,bullish
